{
	"openapi": "3.0.0",
	"info": {
		"title": "Dodong",
		"description": "These are the collection of APIs that are to be used for both website and mobile application. Please contact if any additional APIs are needed",
		"version": "1.0.0"
	},
	"servers": [
		{
			"url": "http://{{baseurl}}"
		}
	],
	"components": {
		"securitySchemes": {
			"bearerAuth": {
				"type": "http",
				"scheme": "bearer"
			}
		}
	},
	"tags": [
		{
			"name": "Config"
		},
		{
			"name": "Auth"
		},
		{
			"name": "Auth > 1. Email"
		},
		{
			"name": "Auth > 2. Mobile"
		},
		{
			"name": "Users"
		},
		{
			"name": "Users > Measurements"
		},
		{
			"name": "Categories"
		},
		{
			"name": "Resources",
			"description": "This section contains all the operational APIs needed to create content, which is referred as Resource. There are four types of resources as of now: Post, Experience, Collection and Discovery. Depending on the type of resource, the data will be displayed in the frontend accordingly"
		},
		{
			"name": "Resources > Comments"
		},
		{
			"name": "Resources > Like"
		},
		{
			"name": "Locations"
		},
		{
			"name": "Shops"
		},
		{
			"name": "Follows"
		},
		{
			"name": "Storefront"
		},
		{
			"name": "Notifications"
		}
	],
	"paths": {
		"/config": {
			"get": {
				"tags": [
					"Config"
				],
				"summary": "App Config",
				"description": "This API will be the key functionality for the entire application. This API should be called before rendering. There will be checks that will happen before opening the application.",
				"parameters": [
					{
						"name": "device",
						"in": "query",
						"schema": {
							"type": "string"
						},
						"example": "mobile"
					}
				],
				"responses": {
					"200": {
						"description": "Successful response",
						"content": {
							"application/json": {}
						}
					}
				}
			}
		},
		"/auth/login": {
			"post": {
				"tags": [
					"Auth > 1. Email"
				],
				"summary": "1. Login",
				"description": "To login, both email and password are mandatory",
				"requestBody": {
					"content": {
						"application/json": {
							"schema": {
								"type": "object",
								"example": {
									"email": "amruthk99@gmail.com",
									"password": "password.1"
								}
							}
						}
					}
				},
				"responses": {
					"200": {
						"description": "Successful response",
						"content": {
							"application/json": {}
						}
					}
				}
			}
		},
		"/auth/register": {
			"post": {
				"tags": [
					"Auth > 1. Email"
				],
				"summary": "2. Register",
				"requestBody": {
					"content": {
						"application/json": {
							"schema": {
								"type": "object",
								"example": {
									"password": "password",
									"name": "Amruth Kuntamalla"
								}
							}
						}
					}
				},
				"security": [
					{
						"bearerAuth": []
					}
				],
				"responses": {
					"200": {
						"description": "Successful response",
						"content": {
							"application/json": {}
						}
					}
				}
			}
		},
		"/auth/verify-email": {
			"post": {
				"tags": [
					"Auth > 1. Email"
				],
				"summary": "3. Verify Email",
				"requestBody": {
					"content": {
						"application/json": {
							"schema": {
								"type": "object",
								"example": {
									"email": "amruthk99@yopmail.com",
									"mobileNumber": "9922333443"
								}
							}
						}
					}
				},
				"responses": {
					"200": {
						"description": "Successful response",
						"content": {
							"application/json": {}
						}
					}
				}
			}
		},
		"/auth/verify-otp": {
			"post": {
				"tags": [
					"Auth > 1. Email"
				],
				"summary": "4. Verify Email OTP",
				"requestBody": {
					"content": {
						"application/json": {
							"schema": {
								"type": "object",
								"example": {
									"email": "amruthk99@yopmail.com",
									"OTP": "3632"
								}
							}
						}
					}
				},
				"responses": {
					"200": {
						"description": "Successful response",
						"content": {
							"application/json": {}
						}
					}
				}
			}
		},
		"/auth/forgot-password": {
			"post": {
				"tags": [
					"Auth > 1. Email"
				],
				"summary": "5. Forgot password",
				"requestBody": {
					"content": {
						"application/json": {
							"schema": {
								"type": "object",
								"example": {
									"email": "amruth@gmail.com",
									"currentPassoword": "password",
									"newPassword": "password.1"
								}
							}
						}
					}
				},
				"responses": {
					"200": {
						"description": "Successful response",
						"content": {
							"application/json": {}
						}
					}
				}
			}
		},
		"/login": {
			"post": {
				"tags": [
					"Auth > 2. Mobile"
				],
				"summary": "5. Send OTP",
				"requestBody": {
					"content": {
						"application/json": {
							"schema": {
								"type": "object",
								"example": {
									"email": "amruthk99@gmail.com",
									"passoword": "password"
								}
							}
						}
					}
				},
				"responses": {
					"200": {
						"description": "Successful response",
						"content": {
							"application/json": {}
						}
					}
				}
			}
		},
		"/register": {
			"post": {
				"tags": [
					"Auth > 2. Mobile"
				],
				"summary": "7. Verify Email",
				"requestBody": {
					"content": {
						"application/json": {
							"schema": {
								"type": "object",
								"example": {
									"email": "amruthk99@gmail.com",
									"passoword": "password",
									"name": "Amruth Kuntamalla"
								}
							}
						}
					}
				},
				"responses": {
					"200": {
						"description": "Successful response",
						"content": {
							"application/json": {}
						}
					}
				}
			}
		},
		"/users/measurements": {
			"get": {
				"tags": [
					"Users > Measurements"
				],
				"summary": "Get User Measurements",
				"security": [
					{
						"bearerAuth": []
					}
				],
				"responses": {
					"200": {
						"description": "Successful response",
						"content": {
							"application/json": {}
						}
					}
				}
			}
		},
		"/users/test-cxz": {
			"get": {
				"tags": [
					"Users"
				],
				"summary": "1. Get all users",
				"security": [
					{
						"bearerAuth": []
					}
				],
				"responses": {
					"200": {
						"description": "Successful response",
						"content": {
							"application/json": {}
						}
					}
				}
			}
		},
		"/users/profile": {
			"get": {
				"tags": [
					"Users"
				],
				"summary": "2. Get User Profile",
				"security": [
					{
						"bearerAuth": []
					}
				],
				"responses": {
					"200": {
						"description": "Successful response",
						"content": {
							"application/json": {}
						}
					}
				}
			}
		},
		"/users/profile/11": {
			"get": {
				"tags": [
					"Users"
				],
				"summary": "2. Get User Profile By ID",
				"security": [
					{
						"bearerAuth": []
					}
				],
				"responses": {
					"200": {
						"description": "Successful response",
						"content": {
							"application/json": {}
						}
					}
				}
			}
		},
		"/users/update-profile": {
			"post": {
				"tags": [
					"Users"
				],
				"summary": "2. Update User Profile",
				"description": "To update User's Personal profile",
				"requestBody": {
					"content": {
						"application/json": {
							"schema": {
								"type": "object",
								"example": {
									"userID": 1,
									"name": "Amruth Kuntamalla",
									"displayName": "Amruth's Shop",
									"occupation": "Senior Carpenter",
									"bio": "This is a short bio about me!",
									"dateOfBirth": null,
									"avatar": "",
									"facebookURL": "https://facebook.com/amruthk99",
									"LinkedInURL": "https://linkedin.com/amruthk99",
									"twitterHandle": "https://twitter.com/amruthk99",
									"locationId": null
								}
							}
						}
					}
				},
				"security": [
					{
						"bearerAuth": []
					}
				],
				"responses": {
					"200": {
						"description": "Successful response",
						"content": {
							"application/json": {}
						}
					}
				}
			}
		},
		"/users/update-professional-profile": {
			"post": {
				"tags": [
					"Users"
				],
				"summary": "2. Update User Business Profile",
				"description": "To update User's Professional profiles",
				"requestBody": {
					"content": {
						"application/json": {
							"schema": {
								"type": "object",
								"example": {
									"brandDetails": "Self",
									"jobLocation": "Hyderabad",
									"company": "Prayag Pickles",
									"occupation": "Business Owner",
									"others": "This is self-funded and made out of passion",
									"name": "Prayag Pickles",
									"officialMobileNumber": "9944556655"
								}
							}
						}
					}
				},
				"security": [
					{
						"bearerAuth": []
					}
				],
				"responses": {
					"200": {
						"description": "Successful response",
						"content": {
							"application/json": {}
						}
					}
				}
			}
		},
		"/posts/categories/filter": {
			"post": {
				"tags": [
					"Categories"
				],
				"summary": "Filter Categories",
				"requestBody": {
					"content": {
						"application/json": {
							"schema": {
								"type": "object",
								"example": {}
							}
						}
					}
				},
				"security": [
					{
						"bearerAuth": []
					}
				],
				"responses": {
					"200": {
						"description": "Successful response",
						"content": {
							"application/json": {}
						}
					}
				}
			}
		},
		"/posts/category/create": {
			"post": {
				"tags": [
					"Categories"
				],
				"summary": "Create Category",
				"requestBody": {
					"content": {
						"application/json": {
							"schema": {
								"type": "object",
								"example": {
									"name": "Others"
								}
							}
						}
					}
				},
				"security": [
					{
						"bearerAuth": []
					}
				],
				"responses": {
					"200": {
						"description": "Successful response",
						"content": {
							"application/json": {}
						}
					}
				}
			}
		},
		"/posts/sub-categories/filter": {
			"post": {
				"tags": [
					"Categories"
				],
				"summary": "Filter Sub Categories",
				"requestBody": {
					"content": {
						"application/json": {
							"schema": {
								"type": "object",
								"example": {
									"categoryId": 6
								}
							}
						}
					}
				},
				"security": [
					{
						"bearerAuth": []
					}
				],
				"responses": {
					"200": {
						"description": "Successful response",
						"content": {
							"application/json": {}
						}
					}
				}
			}
		},
		"/posts/sub-category/create": {
			"post": {
				"tags": [
					"Categories"
				],
				"summary": "Create Sub Category",
				"requestBody": {
					"content": {
						"application/json": {
							"schema": {
								"type": "object",
								"example": {
									"categoryId": 4,
									"displayName": "Others",
									"name": "Business-Others"
								}
							}
						}
					}
				},
				"security": [
					{
						"bearerAuth": []
					}
				],
				"responses": {
					"200": {
						"description": "Successful response",
						"content": {
							"application/json": {}
						}
					}
				}
			}
		},
		"/comments/get": {
			"get": {
				"tags": [
					"Resources > Comments"
				],
				"summary": "Get Post Comments",
				"security": [
					{
						"bearerAuth": []
					}
				],
				"parameters": [
					{
						"name": "postID",
						"in": "query",
						"schema": {
							"type": "integer"
						},
						"example": "2"
					},
					{
						"name": "page",
						"in": "query",
						"schema": {
							"type": "integer"
						},
						"example": "1"
					}
				],
				"responses": {
					"200": {
						"description": "Successful response",
						"content": {
							"application/json": {}
						}
					}
				}
			}
		},
		"/comments/add": {
			"post": {
				"tags": [
					"Resources > Comments"
				],
				"summary": "Add Comment to Post",
				"requestBody": {
					"content": {
						"application/json": {
							"schema": {
								"type": "object",
								"example": {
									"commentBody": "Test",
									"postID": 2
								}
							}
						}
					}
				},
				"security": [
					{
						"bearerAuth": []
					}
				],
				"responses": {
					"200": {
						"description": "Successful response",
						"content": {
							"application/json": {}
						}
					}
				}
			}
		},
		"/comments/update": {
			"post": {
				"tags": [
					"Resources > Comments"
				],
				"summary": "Update Comment",
				"requestBody": {
					"content": {
						"application/json": {
							"schema": {
								"type": "object",
								"example": {
									"commentBody": "Test",
									"commentID": 2
								}
							}
						}
					}
				},
				"security": [
					{
						"bearerAuth": []
					}
				],
				"responses": {
					"200": {
						"description": "Successful response",
						"content": {
							"application/json": {}
						}
					}
				}
			}
		},
		"/comments/delete": {
			"delete": {
				"tags": [
					"Resources > Comments"
				],
				"summary": "Delete Comment",
				"security": [
					{
						"bearerAuth": []
					}
				],
				"parameters": [
					{
						"name": "commentID",
						"in": "query",
						"schema": {
							"type": "integer"
						},
						"example": "9"
					}
				],
				"responses": {
					"200": {
						"description": "Successful response",
						"content": {
							"application/json": {}
						}
					}
				}
			}
		},
		"/posts/like": {
			"post": {
				"tags": [
					"Resources > Like"
				],
				"summary": "Like Post",
				"requestBody": {
					"content": {
						"application/json": {
							"schema": {
								"type": "object",
								"example": {
									"postID": 4
								}
							}
						}
					}
				},
				"security": [
					{
						"bearerAuth": []
					}
				],
				"responses": {
					"200": {
						"description": "Successful response",
						"content": {
							"application/json": {}
						}
					}
				}
			}
		},
		"/posts/unlike": {
			"post": {
				"tags": [
					"Resources > Like"
				],
				"summary": "Unlike Post",
				"requestBody": {
					"content": {
						"application/json": {
							"schema": {
								"type": "object",
								"example": {
									"postID": 4
								}
							}
						}
					}
				},
				"security": [
					{
						"bearerAuth": []
					}
				],
				"responses": {
					"200": {
						"description": "Successful response",
						"content": {
							"application/json": {}
						}
					}
				}
			}
		},
		"/posts/filter": {
			"post": {
				"tags": [
					"Resources"
				],
				"summary": "1. Filter posts",
				"requestBody": {
					"content": {
						"application/json": {
							"schema": {
								"type": "object",
								"example": {
									"authorID": 1
								}
							}
						}
					}
				},
				"security": [
					{
						"bearerAuth": []
					}
				],
				"responses": {
					"200": {
						"description": "Successful response",
						"content": {
							"application/json": {}
						}
					}
				}
			}
		},
		"/posts/create": {
			"post": {
				"tags": [
					"Resources"
				],
				"summary": "3. Create Post",
				"description": "Resource Types:\n\n1. POST\n2. DISCOVERY\n3. COLLECTION\n4. EXPERIENCE",
				"requestBody": {
					"content": {
						"application/json": {
							"schema": {
								"type": "object",
								"example": {
									"title": "",
									"images": [
										"https://picsum.photos/1000/700",
										"https://picsum.photos/1000/800",
										"https://post-uploads.s3.ap-northeast-1.amazonaws.com/images/1590578371_best-wishes-gifts.jpg"
									],
									"isNewProduct": true,
									"resourceType": "POST",
									"productId": 1,
									"newProduct": {
										"name": "Cadbury Silk Mousse",
										"brandName": "Cadbury",
										"description": "Came across this product from Cadbury. The brand new flavour is Litchee. God, I love the taste. Here is where you can find it!",
										"quantity": "2",
										"price": "168",
										"categoryId": 1,
										"subCategory": 1,
										"location": 1,
										"weight": "300",
										"rating": 4
									},
									"shopID": 1,
									"isNewUserMeasurements": true,
									"userMeasurementId": 1,
									"userMeasurements": {
										"age": 20,
										"gender": "male",
										"size": "LG",
										"username": "Amruth Kuntamalla"
									}
								}
							}
						}
					}
				},
				"security": [
					{
						"bearerAuth": []
					}
				],
				"responses": {
					"200": {
						"description": "Successful response",
						"content": {
							"application/json": {}
						}
					}
				}
			}
		},
		"/posts/delete": {
			"delete": {
				"tags": [
					"Resources"
				],
				"summary": "3. Delete Post",
				"description": "WARNING: DO NOT ADD THIS IN FRONT END, UNLESS YOU EXPLICITELY CHECK IF THE USER IS THE AUTHOR",
				"security": [
					{
						"bearerAuth": []
					}
				],
				"responses": {
					"200": {
						"description": "Successful response",
						"content": {
							"application/json": {}
						}
					}
				}
			}
		},
		"/resources/get": {
			"get": {
				"tags": [
					"Resources"
				],
				"summary": "Get Resource",
				"description": "This API will be called to get all the information needed regarding a particular post/resource.",
				"security": [
					{
						"bearerAuth": []
					}
				],
				"parameters": [
					{
						"name": "resourceID",
						"in": "query",
						"schema": {
							"type": "integer"
						},
						"example": "8"
					}
				],
				"responses": {
					"200": {
						"description": "Successful response",
						"content": {
							"application/json": {}
						}
					}
				}
			}
		},
		"/locations/create": {
			"post": {
				"tags": [
					"Locations"
				],
				"summary": "Create Location",
				"requestBody": {
					"content": {
						"application/json": {
							"schema": {
								"type": "object",
								"example": {
									"latitude": 17.362034627520035,
									"longitude": 78.47176770750282,
									"name": "Charminar, Hyderabad, Telangana",
									"state": "Telangana",
									"country": "India"
								}
							}
						}
					}
				},
				"security": [
					{
						"bearerAuth": []
					}
				],
				"responses": {
					"200": {
						"description": "Successful response",
						"content": {
							"application/json": {}
						}
					}
				}
			}
		},
		"/locations/": {
			"get": {
				"tags": [
					"Locations"
				],
				"summary": "Get locations",
				"security": [
					{
						"bearerAuth": []
					}
				],
				"responses": {
					"200": {
						"description": "Successful response",
						"content": {
							"application/json": {}
						}
					}
				}
			}
		},
		"/shops": {
			"post": {
				"tags": [
					"Shops"
				],
				"summary": "1. Filter Shops",
				"requestBody": {
					"content": {
						"application/json": {
							"schema": {
								"type": "object",
								"example": {
									"name": {
										"contains": "r",
										"mode": "insensitive"
									}
								}
							}
						}
					}
				},
				"security": [
					{
						"bearerAuth": []
					}
				],
				"responses": {
					"200": {
						"description": "Successful response",
						"content": {
							"application/json": {}
						}
					}
				}
			}
		},
		"/shops/1": {
			"get": {
				"tags": [
					"Shops"
				],
				"summary": "2. Get Shop by ID",
				"security": [
					{
						"bearerAuth": []
					}
				],
				"responses": {
					"200": {
						"description": "Successful response",
						"content": {
							"application/json": {}
						}
					}
				}
			}
		},
		"/shops/create": {
			"post": {
				"tags": [
					"Shops"
				],
				"summary": "3. Create a Shop",
				"requestBody": {
					"content": {
						"application/json": {
							"schema": {
								"type": "object",
								"example": {
									"name": "New Shop Tst 2",
									"address": "Some new address",
									"contact": "9999999999",
									"email": "shop@gmail.com",
									"bio": "This is a short bio about me!",
									"website": "https://google.com",
									"dateOfBirth": null,
									"categoryId": 1,
									"location": {
										"latitude": 11.015233261420363,
										"longitude": 77.14312631151853,
										"name": "New location"
									},
									"subCategoryID": 1
								}
							}
						}
					}
				},
				"security": [
					{
						"bearerAuth": []
					}
				],
				"responses": {
					"200": {
						"description": "Successful response",
						"content": {
							"application/json": {}
						}
					}
				}
			}
		},
		"/shops/update": {
			"post": {
				"tags": [
					"Shops"
				],
				"summary": "4. Update Shop",
				"requestBody": {
					"content": {
						"application/json": {
							"schema": {
								"type": "object",
								"example": {
									"id": 1,
									"name": "New Shop Tst 2222",
									"address": "Some new address",
									"contact": "9999999999",
									"email": "shop@gmail.com",
									"bio": "This is a short bio about me!",
									"website": "https://google.com/asdasd"
								}
							}
						}
					}
				},
				"security": [
					{
						"bearerAuth": []
					}
				],
				"responses": {
					"200": {
						"description": "Successful response",
						"content": {
							"application/json": {}
						}
					}
				}
			}
		},
		"/follow/stats": {
			"get": {
				"tags": [
					"Follows"
				],
				"summary": "Follow Stats",
				"security": [
					{
						"bearerAuth": []
					}
				],
				"responses": {
					"200": {
						"description": "Successful response",
						"content": {
							"application/json": {}
						}
					}
				}
			}
		},
		"/follow/follow-user": {
			"post": {
				"tags": [
					"Follows"
				],
				"summary": "Follow User",
				"requestBody": {
					"content": {
						"application/json": {
							"schema": {
								"type": "object",
								"example": {
									"followingId": 11
								}
							}
						}
					}
				},
				"security": [
					{
						"bearerAuth": []
					}
				],
				"responses": {
					"200": {
						"description": "Successful response",
						"content": {
							"application/json": {}
						}
					}
				}
			}
		},
		"/follow/unfollow-user": {
			"post": {
				"tags": [
					"Follows"
				],
				"summary": "Unfollow User",
				"requestBody": {
					"content": {
						"application/json": {
							"schema": {
								"type": "object",
								"example": {
									"unFollowId": 11
								}
							}
						}
					}
				},
				"security": [
					{
						"bearerAuth": []
					}
				],
				"responses": {
					"200": {
						"description": "Successful response",
						"content": {
							"application/json": {}
						}
					}
				}
			}
		},
		"/storefront": {
			"get": {
				"tags": [
					"Storefront"
				],
				"summary": "1. Dashboard Copy",
				"parameters": [
					{
						"name": "page",
						"in": "query",
						"schema": {
							"type": "integer"
						},
						"example": "1"
					},
					{
						"name": "device",
						"in": "query",
						"schema": {
							"type": "string"
						},
						"example": "web"
					},
					{
						"name": "type",
						"in": "query",
						"schema": {
							"type": "string"
						},
						"example": "Post"
					}
				],
				"responses": {
					"200": {
						"description": "Successful response",
						"content": {
							"application/json": {}
						}
					}
				}
			}
		},
		"/search": {
			"get": {
				"tags": [
					"Storefront"
				],
				"summary": "1. Search Store",
				"parameters": [
					{
						"name": "query",
						"in": "query",
						"schema": {
							"type": "string"
						},
						"example": "Baksun is my life"
					},
					{
						"name": "page",
						"in": "query",
						"schema": {
							"type": "integer"
						},
						"example": "1"
					}
				],
				"responses": {
					"200": {
						"description": "Successful response",
						"content": {
							"application/json": {}
						}
					}
				}
			}
		},
		"/notifications/create": {
			"post": {
				"tags": [
					"Notifications"
				],
				"summary": "Create Notification",
				"requestBody": {
					"content": {}
				},
				"security": [
					{
						"bearerAuth": []
					}
				],
				"responses": {
					"200": {
						"description": "Successful response",
						"content": {
							"application/json": {}
						}
					}
				}
			}
		},
		"/notifications/get": {
			"get": {
				"tags": [
					"Notifications"
				],
				"summary": "Get User notifications",
				"security": [
					{
						"bearerAuth": []
					}
				],
				"parameters": [
					{
						"name": "page",
						"in": "query",
						"schema": {
							"type": "integer"
						},
						"example": "1"
					}
				],
				"responses": {
					"200": {
						"description": "Successful response",
						"content": {
							"application/json": {}
						}
					}
				}
			}
		}
	}
}