[
  {
    "Andhra Pradesh": [
      "AMLAPURAM",
      "ANANTAPUR",
      "ANANTHAPUR",
      "Ananthapur",
      "Avanigadda",
      "Bapatla",
      "Bhadrachalam",
      "Bhongir",
      "CHITTOOR",
      "Chittoor",
      "Dharmavaram",
      "EAST GODAVARI",
      "East Godavari",
      "GUNTUR",
      "Guntur",
      "Hindupur",
      "KADAPA",
      "KRISHNA",
      "KURNOOL",
      "Karim Nagar",
      "Kovvur",
      "Krishna",
      "Kurnool",
      "Machilipatnam",
      "Madanapalle",
      "Mahabub Nagar",
      "NELLORE",
      "Nellore",
      "PRAKASAM",
      "Palakol",
      "Prakasam",
      "RANGAREDDY",
      "SRIKAKULAM",
      "Srikalahasti",
      "Tadepalligudem",
      "VISAKHAPATNAM",
      "VIZIANAGARAM",
      "Visakhapatnam",
      "WEST GODAVARI",
      "Warangal",
      "West Godavari",
      "YANAM"
    ]
  },
  {
    "Arunachal Pradesh": [
      "CHANGLANG",
      "Changlang",
      "Dibang Valley",
      "East Kameng",
      "East Siang",
      "Kurung Kumey",
      "LOWER SUBANSIRI",
      "Lohit",
      "Lower Dibang Valley",
      "Lower Subansiri",
      "NA",
      "PAPUM PARE",
      "Papum Pare",
      "Tawang",
      "Tirap",
      "Upper Dibang Valley",
      "Upper Siang",
      "Upper Subansiri",
      "WEST GODAVARI",
      "West Kameng",
      "West Siang"
    ]
  },
  {
    "Telangana": [
      "ADILABAD",
      "BHADRACHALAM",
      "BHONGIR",
      "BHUPALPALLI",
      "GADWAL",
      "Gadwal",
      "HYDERABAD",
      "Hanamkonda",
      "Hyderabad",
      "JAGTIAL",
      "JANGAON",
      "JAYASHANKAR",
      "Jangaon",
      "K.V.Rangareddy",
      "KAMAREDDY",
      "KARIM NAGAR",
      "KHAMMAM",
      "KODERMA",
      "KOTHAGUDEM",
      "KOTHAGUDEM COLLS",
      "MAHABUB NAGAR",
      "MAHABUBABAD",
      "MANCHERIAL",
      "MEDAK",
      "Mahabuababad",
      "Mahabubabad",
      "Mancherial",
      "NAGAR KURNOOL",
      "NALGONDA",
      "NIRMAL",
      "NIZAMABAD",
      "PEDDAPALLI",
      "Parkal",
      "RANGAREDDY",
      "Ranga Reddy",
      "Rangareddy",
      "SANGAREDDY",
      "SIDDIPET",
      "SIRCILLA",
      "STN. JADCHERLA",
      "SURYAPET",
      "Secunderabad",
      "Trimulgherry",
      "VIKARABAD",
      "VIZIANAGARAM",
      "Vikarabad",
      "WANAPARTHY",
      "WARANGAL",
      "Warangal",
      "Warangal Rural",
      "ZAHEERABAD"
    ]
  },
  {
    "Assam": [
      "BAKSA",
      "BARPETA",
      "BONGAIGAON",
      "Barpeta",
      "CACHAR",
      "DARRANG",
      "DHEMAJI",
      "DHUBRI",
      "DIBRUGARH",
      "DIMA HASSO - NORTH CACHAR HILL",
      "Dhubri",
      "GOALPARA",
      "GOLAGHAT",
      "HAILAKANDI",
      "JORHAT",
      "KAMRUP",
      "KAMRUP METROPOLITAN",
      "KARBI ANGLONG",
      "KARIMGANJ",
      "KOKRAJHAR",
      "LAKHIMPUR",
      "MARIGAON",
      "NAGAON",
      "NALBARI",
      "SIBSAGAR",
      "SONITPUR",
      "Sonapur",
      "TINSUKIA",
      "UDALGURI"
    ]
  },
  {
    "Bihar": [
      "ARARIA",
      "ARWAL",
      "AURANAGABAD",
      "AURANGABAD",
      "BALLIA",
      "BANKA",
      "BEGUSARAI",
      "BHAGALPUR",
      "BHOJPUR",
      "BUXAR",
      "DARBHANGA",
      "DEOGHAR",
      "EAST CHAMPARAN",
      "GAYA",
      "GOPALGANJ",
      "JAMUI",
      "JEHANABAD",
      "KAIMUR BHABUA",
      "KATIHAR",
      "KHAGARIA",
      "KISHANGANJ",
      "Khagaria",
      "LAKHISARAI",
      "MADHEPURA",
      "MADHUBANI",
      "MUNGER",
      "MUZAFFARPUR",
      "NA",
      "NALANDA",
      "NAWADA",
      "Nalanda",
      "PATNA",
      "PURNIA",
      "Patna",
      "ROHTAS",
      "SAHARSA",
      "SAMASTIPUR",
      "SARAN",
      "SHEIKHPURA",
      "SHEOHAR",
      "SITAMARHI",
      "SIWAN",
      "SUPAUL",
      "Sheikhpura",
      "VAISHALI",
      "WEST CHAMPARAN"
    ]
  },
  {
    "Uttar Pradesh": [
      "AGRA",
      "ALIGARH",
      "ALLAHABAD",
      "AMBEDKAR NAGAR",
      "AMETHI",
      "AMROHA",
      "AURAIYA",
      "AURANGABAD",
      "AZAMGARH",
      "Aligarh",
      "BAGPAT",
      "BAHRAICH",
      "BALLIA",
      "BALRAMPUR",
      "BANDA",
      "BARABANKI",
      "BAREILLY",
      "BASTI",
      "BIJNOR",
      "BUDAUN",
      "BULANDSHAHR",
      "CHANDAULI",
      "CHITRAKOOT",
      "DEORIA",
      "ETAH",
      "ETAWAH",
      "FAIZABAD",
      "FARRUKHABAD",
      "FATEHPUR",
      "FIROZABAD",
      "GAUTAM BUDDHA NAGAR",
      "GHAZIABAD",
      "GHAZIPUR",
      "GONDA",
      "GORAKHPUR",
      "Gorakhpur",
      "HAMIRPUR",
      "HAPUR",
      "HARDOI",
      "HARIDWAR",
      "HATHRAS",
      "JALAUN",
      "JAUNPUR",
      "JHAJJAR",
      "JHANSI",
      "KANNAUJ",
      "KANPUR DEHAT",
      "KANPUR NAGAR",
      "KANSHIRAM NAGAR",
      "KAUSHAMBI",
      "KHERI",
      "KUSHINAGAR",
      "LALITPUR",
      "LUCKNOW",
      "Lucknow",
      "MAHARAJGANJ",
      "MAHOBA",
      "MAHRAJGANJ",
      "MAINPURI",
      "MATHURA",
      "MAU",
      "MEERUT",
      "MIRZAPUR",
      "MORADABAD",
      "MUZAFFARNAGAR",
      "Maharajganj",
      "PILIBHIT",
      "PRATAPGARH",
      "Pilibhit",
      "Prayagraj Allahabad",
      "RAEBARELI",
      "RAIGARH(MH)",
      "RAMPUR",
      "SAHARANPUR",
      "SAMBHAL",
      "SANT KABIR NAGAR",
      "SANT RAVIDAS NAGAR",
      "SHAHJAHANPUR",
      "SHRAWASTI",
      "SIDDHARTHNAGAR",
      "SITAPUR",
      "SONBHADRA",
      "SULTANPUR",
      "Shahjahanpur",
      "UNNAO",
      "VARANASI",
      "Varanasi"
    ]
  },
  {
    "Gujarat": [
      "AHMEDABAD",
      "AMRELI",
      "ANAND",
      "ARAVALLI",
      "Ahmedabad City",
      "BANASKANTHA",
      "BANKA",
      "BHARUCH",
      "BHAVNAGAR",
      "BOTAB",
      "CHHOTA UDEPUR",
      "Chhotaudepur",
      "DAHOD",
      "DANGS",
      "DARBHANGA",
      "DEVBHOOMI DWERKA",
      "GANDHI NAGAR",
      "GIR SOMNATH",
      "Gandhinagar",
      "JAMNAGAR",
      "JUNAGADH",
      "Junagadh",
      "KACHCHH",
      "KHEDA",
      "MAHESANA",
      "MAHISAGAR",
      "MORBI",
      "Morbi",
      "NA",
      "NARMADA",
      "NAVSARI",
      "PANCH MAHALS",
      "PATAN",
      "PORBANDAR",
      "Porbandar",
      "RAJKOT",
      "SABARKANTHA",
      "SURAT",
      "SURENDRA NAGAR",
      "Surat",
      "TAPI",
      "VADODARA",
      "VALSAD"
    ]
  },
  { "Goa": ["DARBHANGA", "NORTH GOA", "SOUTH GOA"] },
  {
    "Haryana": [
      "AMBALA",
      "Ambala",
      "Ambala City",
      "BHIWANI",
      "Bhiwani",
      "DARBHANGA",
      "FARIDABAD",
      "FATEHABAD",
      "GURGAON",
      "HISAR",
      "JHAJJAR",
      "JIND",
      "Jind",
      "KAITHAL",
      "KARNAL",
      "KURUKSHETRA",
      "Kaithal",
      "Kurukshetra",
      "MAHENDRAGARH",
      "MEWAT",
      "PALWAL",
      "PANCHKULA",
      "PANIPAT",
      "Panipat",
      "REWARI",
      "ROHTAK",
      "SIRSA",
      "SONIPAT",
      "SOUTH WEST DELHI",
      "YAMUNANAGAR"
    ]
  },
  {
    "Himachal Pradesh": [
      "BHIWANI",
      "BILASPUR (HP)",
      "BILASPUR HP",
      "CHAMBA",
      "DARBHANGA",
      "HAMIRPUR(HP)",
      "HAMIRPURHP",
      "JHAJJAR",
      "KANGRA",
      "KINNAUR",
      "KULLU",
      "LAHUL  SPITI",
      "MANDI",
      "NA",
      "SHIMLA",
      "SIRMAUR",
      "SOLAN",
      "UNA"
    ]
  },
  {
    "Jammu and Kashmir": [
      "ANANTHNAG",
      "BANDIPUR",
      "BARAMULLA",
      "BUDGAM",
      "Bandipur",
      "Baramulla",
      "DARBHANGA",
      "DODA",
      "GANDERBAL",
      "JAMMU",
      "KARGIL",
      "KATHUA",
      "KULGAM",
      "KUPWARA",
      "Kargil",
      "Kupwara",
      "Leh",
      "POONCH",
      "PULWAMA",
      "RAJAURI",
      "RAMBAN",
      "REASI",
      "ROHTAK",
      "SAMBA",
      "SHOPIAN",
      "SRINAGAR",
      "UDHAMPUR"
    ]
  },
  {
    "Madhya Pradesh": [
      "AGAR MALWA",
      "ALIRAJPUR",
      "ANUPPUR",
      "ASHOK NAGAR",
      "BALAGHAT",
      "BARWANI",
      "BETUL",
      "BHIND",
      "BHOPAL",
      "BURHANPUR",
      "Balaghat",
      "CHHATARPUR",
      "CHHINDWARA",
      "DAMOH",
      "DARBHANGA",
      "DATIA",
      "DEWAS",
      "DHAR",
      "DINDORI",
      "GUNA",
      "GWALIOR",
      "HARDA",
      "HOSHANGABAD",
      "Hoshangabad",
      "INDORE",
      "Indore",
      "JABALPUR",
      "JHABUA",
      "JHAJJAR",
      "KATNI",
      "KHANDWA",
      "KHARGONE",
      "MANDLA",
      "MANDSAUR",
      "MORENA",
      "NARSINGHPUR",
      "NEEMUCH",
      "Neemuch",
      "PANNA",
      "RAISEN",
      "RAJGARH",
      "RATLAM",
      "REWA",
      "SAGAR",
      "SATNA",
      "SEHORE",
      "SEONI",
      "SHAHDOL",
      "SHAJAPUR",
      "SHEOPUR",
      "SHIVPURI",
      "SIDHI",
      "SINGRAULI",
      "Seoni",
      "TIKAMGARH",
      "UJJAIN",
      "UMARIA",
      "VIDISHA"
    ]
  },
  {
    "Karnataka": [
      "Arsikere",
      "Athani",
      "BAGALKOT",
      "BALLARI",
      "BELAGAVI",
      "BELLARY",
      "BENGALURU",
      "BENGALURU RURAL",
      "BIDAR",
      "BIJAPUR",
      "BIJAPUR(KAR)",
      "Bailhongal",
      "Bangalore",
      "Belgaum",
      "Bengaluru",
      "Bidar",
      "CHAMARAJANAGAR",
      "CHICKMAGALUR",
      "CHIKKABALLAPUR",
      "CHITRADURGA",
      "Chamrajnagar",
      "Chikkamagaluru",
      "DAKSHINA KANNADA",
      "DARBHANGA",
      "DAVANGERE",
      "DHARWAD",
      "Dakshina Kannada",
      "Davangere",
      "Dharwad",
      "GADAG",
      "Gulbarga",
      "HASSAN",
      "HAVERI",
      "Hanagodu",
      "Haveri",
      "Hubballi",
      "Hunsur",
      "JHAJJAR",
      "Jamkhandi",
      "Joida",
      "KALABURAGI",
      "KODAGU",
      "KOLAR",
      "KOPPAL",
      "Kalghatgi",
      "Kodagu",
      "Kolar",
      "Kollegal",
      "Koppal",
      "Kundgol",
      "MYSORE",
      "Madikeri",
      "Mandya",
      "Mysuru",
      "Nanjangud",
      "RAICHUR",
      "RAMANAGAR",
      "Ramanagara",
      "Ramdurg",
      "SHIVAMOGGA",
      "Sagar",
      "Saraswathipuram",
      "Shivamogga",
      "Siddapur",
      "TUMAKURU",
      "UDUPI",
      "UTTARA KANNADA",
      "Udupi",
      "Uttara Kannada",
      "YADGIR"
    ]
  },
  {
    "Kerala": [
      "ALAPPUZHA",
      "DARBHANGA",
      "ERNAKULAM",
      "IDUKKI",
      "JHAJJAR",
      "KANNUR",
      "KASARGOD",
      "KOLLAM",
      "KOLLEGAL",
      "KOTTAYAM",
      "KOZHIKODE",
      "Kasaragod",
      "MAHE",
      "MALAPPURAM",
      "MALAPPURM",
      "PALAKKAD",
      "PATHANAMTHITTA",
      "Pathanamthitta",
      "THIRUVANANTHAPURAM",
      "THRISSUR",
      "Thalassery",
      "Thiruvananthapuram",
      "WAYANAD"
    ]
  },
  {
    "Maharashtra": [
      "AHMED NAGAR",
      "AKOLA",
      "AMRAVATI",
      "AURANGABAD",
      "Ahmed Nagar",
      "BEED",
      "BHANDARA",
      "BHUSAWAL",
      "BULDHANA",
      "CHANDRAPUR",
      "Chandrapur",
      "DARBHANGA",
      "DHULE",
      "GADCHIROLI",
      "GONDIA",
      "Gadchiroli",
      "HINGOLI",
      "JALGAON",
      "JALGOAN",
      "JALNA",
      "JHAJJAR",
      "Jalgaon",
      "Kolhapur",
      "LATUR",
      "MUMBAI",
      "MUMBAI SUBUEBAN",
      "Malegaon",
      "Miraj",
      "NA",
      "NAGPUR",
      "NANDED",
      "NANDURBAR",
      "NASHIK",
      "Nagpur",
      "Nashik",
      "OSMANABAD",
      "PALGHAR",
      "PARBHANI",
      "PUNE",
      "Pune",
      "RAIGARH",
      "RAIGARH(MH)",
      "RATNAGIRI",
      "Ratnagiri",
      "SATARA",
      "SINDHUDURG",
      "SOLAPUR",
      "Sangli",
      "Shrirampur",
      "THANE",
      "WARDHA",
      "WASHIM",
      "Yavatmal"
    ]
  },
  {
    "Chattisgarh": [
      "BALOD",
      "BALOD BAZER",
      "BALRAMPUR",
      "BASTAR",
      "BEMETARA",
      "BIJAPUR(CGH)",
      "BILASPURCGH",
      "Bastar",
      "Bijapur(CGH)",
      "Bilaspur",
      "DANTEWADA",
      "DHAMTARI",
      "DURG",
      "Dantewada",
      "GARIABAND",
      "JANJGIRCHAMPA",
      "JASPUR",
      "Jagdalpur",
      "Janjgir-Champa",
      "KAWARDHA",
      "KONDAGAON",
      "KORBA",
      "KORIYA",
      "Kanker",
      "MAHASAMUND",
      "MUNGELI",
      "Makdi",
      "Narayanpur",
      "RAIGARH",
      "RAIPUR",
      "RAJNANDGAON",
      "Raigarh",
      "SUKMA",
      "SURAJPUR",
      "SURGUJA"
    ]
  },
  {
    "Delhi": [
      "CENTRAL DELHI",
      "EAST DELHI",
      "NEW DELHI",
      "NORTH DELHI",
      "NORTH EAST DELHI",
      "NORTH WEST DELHI",
      "New Delhi",
      "SHAHDARA",
      "SIDDHARTHNAGAR",
      "SOUTH DELHI",
      "SOUTH WEST DELHI",
      "WEST DELHI"
    ]
  },
  { "Daman and Diu": ["BASTI", "DAMAN", "DIU"] },
  { "Dadra and Nagar Hav.": ["BASTI", "DADRA  NAGAR HAVELI"] },
  {
    "Manipur": [
      "Bishnupur",
      "Chandel",
      "Churachandpur",
      "Imphal",
      "Imphal East",
      "Imphal West",
      "JHAJJAR",
      "Jiribam",
      "NA",
      "Senapati",
      "THANLON",
      "Tamenglong",
      "Tengnoupal",
      "Thoubal",
      "Ukhrul",
      "West Tripura"
    ]
  },
  {
    "Megalaya": [
      "East Garo Hills",
      "East Jaintia Hills",
      "East Khasi Hills",
      "JHAJJAR",
      "Jaintia Hills",
      "NA",
      "Ri Bhoi",
      "Shillong",
      "South Garo Hills",
      "South West Khasi Hills",
      "Tura",
      "West Garo Hills",
      "West Jaintia Hills",
      "West Khasi Hills"
    ]
  },
  {
    "Mizoram": [
      "Aizawal",
      "Aizawl",
      "Champhai",
      "JHAJJAR",
      "Kolasib",
      "Lawngtlai",
      "Lunglei",
      "Mamit",
      "Mammit",
      "NA",
      "Saiha",
      "Serchhip",
      "West Tripura"
    ]
  },
  {
    "Nagaland": [
      "Dimapur",
      "JHAJJAR",
      "Kiphire",
      "Kohima",
      "Longleng",
      "Mokokchung",
      "Mon",
      "NA",
      "Peren",
      "Phek",
      "Tuensang",
      "Wokha",
      "Zunheboto",
      "Zunhebotto"
    ]
  },
  {
    "Odisha": [
      "ANGUL",
      "BALANGIR",
      "BALASORE",
      "BALESWAR",
      "BARGARH",
      "BHADRAK",
      "BOUDH",
      "CUTTACK",
      "Cuttack",
      "DEBAGARH",
      "DHENKANAL",
      "GAJAPATI",
      "GANJAM",
      "JAGATSINGHAPUR",
      "JAJAPUR",
      "JHAJJAR",
      "JHARSUGUDA",
      "KALAHANDI",
      "KANDHAMAL",
      "KENDRAPARA",
      "KENDUJHAR",
      "KHORDA",
      "KORAPUT",
      "Kandhamal",
      "MALKANGIRI",
      "MAYURBHANJ",
      "NABARANGAPUR",
      "NAYAGARH",
      "NUAPADA",
      "PURI",
      "RAYAGADA",
      "SAMBALPUR",
      "SONAPUR",
      "SUNDERGARH"
    ]
  },
  {
    "Punjab": [
      "AMRITSAR",
      "BARNALA",
      "BATHINDA",
      "CHANDIGHAR",
      "FARIDKOT",
      "FATEHGARH SAHIB",
      "FAZILKA",
      "FIROZPUR",
      "Ferozepur",
      "GURDASPUR",
      "HOSHIARPUR",
      "JALANDHAR",
      "JHAJJAR",
      "KAPURTHALA",
      "LUDHIANA",
      "MANSA",
      "MOGA",
      "MOHALI",
      "MUKTSAR",
      "NAWANSHAHR",
      "PATHANKOT",
      "PATIALA",
      "ROPAR",
      "RUPNAGAR",
      "SANGRUR",
      "TARN TARAN"
    ]
  },
  {
    "Rajasthan": [
      "AJMER",
      "ALWAR",
      "BANSWARA",
      "BARAN",
      "BARMER",
      "BHARATPUR",
      "BHILWARA",
      "BIKANER",
      "BUNDI",
      "CHITTORGARH",
      "CHURU",
      "DAUSA",
      "DHOLPUR",
      "DUNGARPUR",
      "HANUMANGARH",
      "JAIPUR",
      "JAISALMER",
      "JALOR",
      "JHAJJAR",
      "JHALAWAR",
      "JHUJHUNU",
      "JODHPUR",
      "Jaipur",
      "KARAULI",
      "KOTA",
      "NAGAUR",
      "PALI",
      "PRATAPGHAR",
      "RAJSAMAND",
      "SAWAI MADHOPUR",
      "SIKAR",
      "SIROHI",
      "SRI GANGANAGAR",
      "SRIGANGANAGAR",
      "TONK",
      "UDAIPUR"
    ]
  },
  {
    "Sikkim": [
      "Dimapur",
      "EAST SIKKIM",
      "JHAJJAR",
      "NORTH SIKKIM",
      "SOUTH SIKKIM",
      "WEST SIKKIM"
    ]
  },
  {
    "Tamil Nadu": [
      "ARIYALUR",
      "Ariyalur",
      "CHENNAI",
      "COIMBATORE",
      "CUDDALORE",
      "Chennai",
      "DHARMAPURI",
      "DINDIGUL",
      "ERODE",
      "JHAJJAR",
      "KANCHIPURAM",
      "KANYAKUMARI",
      "KARAIKAL",
      "KARUR",
      "KRISHNAGIRI",
      "Kanchipuram",
      "MADURAI",
      "NAGAPATTINAM",
      "NAMAKKAL",
      "NILGIRIS",
      "Nagapattinam",
      "Namakkal",
      "Nilgiris",
      "PERAMBALUR",
      "PONDICHERRY",
      "PUDUKKOTTAI",
      "RAMANATHAPURAM",
      "SALEM",
      "SIVAGANGA",
      "Salem",
      "THANJAVUR",
      "THENI",
      "TIRUCHIRAPPALLI",
      "TIRUNELVELI",
      "TIRUPPUR",
      "TIRUVALLUR",
      "TIRUVANNAMALAI",
      "TIRUVARUR",
      "TUTICORIN",
      "Tirunelveli",
      "Tiruvallur",
      "VELLORE",
      "VILLUPURAM",
      "VIRUDHUNAGAR",
      "Vellore"
    ]
  },
  {
    "Tripura": [
      "Agartala�",
      "Dhalai",
      "Dharmanagar",
      "Gomati",
      "Gomti",
      "JHAJJAR",
      "Khowai",
      "NA",
      "North Tripura",
      "Sepahijala",
      "South Tripura",
      "West Tripura"
    ]
  },
  {
    "Jharkhand": [
      "BOKARO",
      "CHATRA",
      "Chatra",
      "DEOGHAR",
      "DHANBAD",
      "DUMKA",
      "Dhanbad",
      "EAST SINGHBHUM",
      "GARHWA",
      "GIRIDH",
      "GODDA",
      "GUMLA",
      "Gumla",
      "HAZARIBAG",
      "Hazaribagh",
      "JAMTARA",
      "KHUNTI",
      "KODERMA",
      "Khunti",
      "Koderma",
      "LATEHAR",
      "LOHARDAGA",
      "Lohardaga",
      "PAKUR",
      "PALAMAU",
      "RAMGARH",
      "RANCHI",
      "Ramgarh",
      "SAHIBGANJ",
      "SERAIKELAKHARSAWAN",
      "SHOPIAN",
      "SIMDEGA",
      "Simdega",
      "WEST SINGHBHUM"
    ]
  },
  {
    "Uttarakhand": [
      "ALMORA",
      "BAGESHWAR",
      "CHAMOLI",
      "CHAMPAWAT",
      "DEHRADUN",
      "HARIDWAR",
      "HAZARIBAG",
      "NAINITAL",
      "PAURI GARHWAL",
      "PITHORAGARH",
      "RUDRAPRAYAG",
      "TEHRI GARHWAL",
      "UDHAM SINGH NAGAR",
      "UTTARKASHI"
    ]
  },
  {
    "Lakshadweep": ["Kochi", "LAKSHADWEEP", "Lakshadweep", "SIDDHARTHNAGAR"]
  },
  { "Chandigarh": ["BASTI", "CHANDIGHAR", "MOHALI"] },
  { "Pondicherry": ["PONDICHERRY", "SIDDHARTHNAGAR", "VILLUPURAM"] },
  {
    "Andaman and Nico.In.": [
      "AGRA",
      "BASTI",
      "KOLKATA",
      "Nicobar",
      "North & Middle Andaman",
      "North And Middle Andaman",
      "South Andaman"
    ]
  },
  {
    "West Bengal": [
      "BANKURA",
      "BARDHAMAN",
      "BIRBHUM",
      "Bankura",
      "COOCH BEHAR",
      "DARJILING",
      "Darjeeling",
      "EAST MIDNAPORE",
      "EAST SIKKIM",
      "HOOGHLY",
      "HOWRAH",
      "JALPAIGURI",
      "KOLKATA",
      "Kalimpong",
      "Kolkata",
      "MALDA",
      "MEDINIPUR",
      "MURSHIDABAD",
      "NADIA",
      "NORTH 24 PARGANAS",
      "NORTH DINAJPUR",
      "NORTH SIKKIM",
      "North 24 Parganas",
      "PURULIYA",
      "Paschim Bardhaman",
      "Port Blair",
      "SIDDHARTHNAGAR",
      "SOUTH 24 PARGANAS",
      "SOUTH DINAJPUR",
      "SOUTH SIKKIM",
      "WEST MIDNAPORE"
    ]
  }
]
