{
  "project_info": {
    "project_number": "997465596213",
    "project_id": "dodong-app-301ca",
    "storage_bucket": "dodong-app-301ca.appspot.com"
  },
  "client": [
    {
      "client_info": {
        "mobilesdk_app_id": "1:997465596213:android:50854ad54458f9ce936c7c",
        "android_client_info": {
          "package_name": "com.dodong"
        }
      },
      "oauth_client": [
        {
          "client_id": "997465596213-ded239p2vc6g877phgmjbpdhm36qoi32.apps.googleusercontent.com",
          "client_type": 3
        }
      ],
      "api_key": [
        {
          "current_key": "AIzaSyCEiUWwXw20NxB2QSttZybwFotDVyixGqY"
        }
      ],
      "services": {
        "appinvite_service": {
          "other_platform_oauth_client": [
            {
              "client_id": "997465596213-ded239p2vc6g877phgmjbpdhm36qoi32.apps.googleusercontent.com",
              "client_type": 3
            },
            {
              "client_id": "997465596213-8b3pof5hnd22lfimevk86o8piaifdl85.apps.googleusercontent.com",
              "client_type": 2,
              "ios_info": {
                "bundle_id": "com.ios.dodong"
              }
            }
          ]
        }
      }
    }
  ],
  "configuration_version": "1"
}