{
	"info": {
		"_postman_id": "5163665b-57af-41d1-b234-663d76e78478",
		"name": "Dodong",
		"schema": "https://schema.getpostman.com/json/collection/v2.1.0/collection.json",
		"_exporter_id": "8325038",
		"_collection_link": "https://bold-zodiac-198170.postman.co/workspace/Dodong~e76fdb9c-e4c9-4d66-af3d-c69a87f238f4/collection/8325038-5163665b-57af-41d1-b234-663d76e78478?action=share&creator=8325038&source=collection_link"
	},
	"item": [
		{
			"name": "Auth",
			"item": [
				{
					"name": "1. Email",
					"item": [
						{
							"name": "1. Login",
							"event": [
								{
									"listen": "test",
									"script": {
										"exec": [
											"pm.test(\"Status code is 200\", function () {",
											"    pm.response.to.have.status(200);",
											"});",
											"bodyData = JSON.parse(responseBody);",
											"var idToken = bodyData.token;",
											"pm.environment.set(\"auth\", idToken);"
										],
										"type": "text/javascript"
									}
								},
								{
									"listen": "prerequest",
									"script": {
										"exec": [
											""
										],
										"type": "text/javascript"
									}
								}
							],
							"request": {
								"method": "POST",
								"header": [],
								"body": {
									"mode": "raw",
									"raw": "{\n    \"email\": \"sisodiya00004@gmail.com\",\n    \"password\": \"kalpana123\"\n}",
									"options": {
										"raw": {
											"language": "json"
										}
									}
								},
								"url": {
									"raw": "{{baseUrl}}/auth/login",
									"host": [
										"{{baseUrl}}"
									],
									"path": [
										"auth",
										"login"
									]
								},
								"description": "To login, both email and password are mandatory"
							},
							"response": []
						},
						{
							"name": "2. Register",
							"request": {
								"auth": {
									"type": "bearer"
								},
								"method": "POST",
								"header": [],
								"body": {
									"mode": "raw",
									"raw": "{\n    \"password\": \"password\",\n    \"name\": \"Amruth Kuntamalla\"\n}",
									"options": {
										"raw": {
											"language": "json"
										}
									}
								},
								"url": {
									"raw": "{{baseUrl}}/auth/register",
									"host": [
										"{{baseUrl}}"
									],
									"path": [
										"auth",
										"register"
									]
								}
							},
							"response": []
						},
						{
							"name": "3. Verify Email",
							"request": {
								"method": "POST",
								"header": [],
								"body": {
									"mode": "raw",
									"raw": "{\n    \"email\": \"amruthk99@yopmail.com\",\n    \"mobileNumber\":\"9922333443\"\n}",
									"options": {
										"raw": {
											"language": "json"
										}
									}
								},
								"url": {
									"raw": "{{baseUrl}}/auth/verify-email",
									"host": [
										"{{baseUrl}}"
									],
									"path": [
										"auth",
										"verify-email"
									]
								}
							},
							"response": []
						},
						{
							"name": "4. Verify Email OTP",
							"request": {
								"method": "POST",
								"header": [],
								"body": {
									"mode": "raw",
									"raw": "{\n    \"email\": \"amruthk99@yopmail.com\",\n    \"OTP\":\"3632\"\n}",
									"options": {
										"raw": {
											"language": "json"
										}
									}
								},
								"url": {
									"raw": "{{baseUrl}}/auth/verify-otp",
									"host": [
										"{{baseUrl}}"
									],
									"path": [
										"auth",
										"verify-otp"
									]
								}
							},
							"response": []
						},
						{
							"name": "5. Forgot password",
							"request": {
								"method": "POST",
								"header": [],
								"body": {
									"mode": "raw",
									"raw": "{\n    \"email\": \"amruth@gmail.com\",\n    \"currentPassoword\": \"password\",\n    \"newPassword\": \"password.1\"\n}",
									"options": {
										"raw": {
											"language": "json"
										}
									}
								},
								"url": {
									"raw": "{{baseUrl}}/auth/forgot-password",
									"host": [
										"{{baseUrl}}"
									],
									"path": [
										"auth",
										"forgot-password"
									]
								}
							},
							"response": []
						}
					]
				},
				{
					"name": "2. Mobile",
					"item": [
						{
							"name": "5. Send OTP",
							"request": {
								"method": "POST",
								"header": [],
								"body": {
									"mode": "raw",
									"raw": "{\n    \"email\": \"amruthk99@gmail.com\",\n    \"passoword\": \"password\"\n}",
									"options": {
										"raw": {
											"language": "json"
										}
									}
								},
								"url": {
									"raw": "{{baseUrl}}/login",
									"host": [
										"{{baseUrl}}"
									],
									"path": [
										"login"
									]
								}
							},
							"response": []
						},
						{
							"name": "6. Verify OTP",
							"request": {
								"method": "POST",
								"header": [],
								"body": {
									"mode": "raw",
									"raw": "{\n    \"email\": \"amruthk99@gmail.com\",\n    \"passoword\": \"password\",\n    \"name\": \"Amruth Kuntamalla\"\n}",
									"options": {
										"raw": {
											"language": "json"
										}
									}
								},
								"url": {
									"raw": "{{baseUrl}}/register",
									"host": [
										"{{baseUrl}}"
									],
									"path": [
										"register"
									]
								}
							},
							"response": []
						},
						{
							"name": "7. Verify Email",
							"request": {
								"method": "POST",
								"header": [],
								"body": {
									"mode": "raw",
									"raw": "{\n    \"email\": \"amruthk99@gmail.com\",\n    \"passoword\": \"password\",\n    \"name\": \"Amruth Kuntamalla\"\n}",
									"options": {
										"raw": {
											"language": "json"
										}
									}
								},
								"url": {
									"raw": "{{baseUrl}}/register",
									"host": [
										"{{baseUrl}}"
									],
									"path": [
										"register"
									]
								}
							},
							"response": []
						}
					]
				}
			]
		},
		{
			"name": "Users",
			"item": [
				{
					"name": "1. Get all users",
					"request": {
						"auth": {
							"type": "bearer",
							"bearer": [
								{
									"key": "token",
									"value": "eyJhbGciOiJIUzUxMiJ9.eyJzdWIiOiJVSENIWUQwNTIxMTAiLCJpYXQiOjE2NzQ1NzkzMDgsImV4cCI6MTY3NDY2NTcwOH0.sG5jLYTcdqfv2oU5G9PwHanI3qgBg__FsliN2srPCAt9p_28-X6EdRtNokBHNv0Ft6_mAOF7LHXA2SK4-EdTkw",
									"type": "string"
								}
							]
						},
						"method": "GET",
						"header": [],
						"url": {
							"raw": "{{baseUrl}}/users/test-cxz",
							"host": [
								"{{baseUrl}}"
							],
							"path": [
								"users",
								"test-cxz"
							]
						}
					},
					"response": []
				},
				{
					"name": "2. Get User Profile",
					"request": {
						"auth": {
							"type": "bearer",
							"bearer": [
								{
									"key": "token",
									"value": "{{auth}}",
									"type": "string"
								}
							]
						},
						"method": "GET",
						"header": [],
						"url": {
							"raw": "{{baseUrl}}/users/profile",
							"host": [
								"{{baseUrl}}"
							],
							"path": [
								"users",
								"profile"
							]
						}
					},
					"response": []
				},
				{
					"name": "2. Get User Profile By ID",
					"request": {
						"auth": {
							"type": "bearer",
							"bearer": [
								{
									"key": "token",
									"value": "{{auth}}",
									"type": "string"
								}
							]
						},
						"method": "GET",
						"header": [],
						"url": {
							"raw": "{{baseUrl}}/users/profile/11",
							"host": [
								"{{baseUrl}}"
							],
							"path": [
								"users",
								"profile",
								"11"
							]
						}
					},
					"response": []
				},
				{
					"name": "2. Update User Profile",
					"request": {
						"auth": {
							"type": "bearer",
							"bearer": [
								{
									"key": "token",
									"value": "{{auth}}",
									"type": "string"
								}
							]
						},
						"method": "POST",
						"header": [],
						"body": {
							"mode": "raw",
							"raw": "{\n    \"userId\": 1,\n    \"name\": \"Amruth Kuntamalla\",\n    \"displayName\": \"Amruth's Shop\",\n    \"occupation\": \"Senior Carpenter\",\n    \"bio\": \"This is a short bio about me!\",\n    \"dateOfBirth\": null,\n    \"avatar\": \"\",\n    \"facebookURL\": \"https://facebook.com/amruthk99\",\n    \"LinkedInURL\": \"https://linkedin.com/amruthk99\",\n    \"twitterHandle\": \"https://twitter.com/amruthk99\",\n    \"locationId\": null\n}",
							"options": {
								"raw": {
									"language": "json"
								}
							}
						},
						"url": {
							"raw": "{{baseUrl}}/users/update-profile",
							"host": [
								"{{baseUrl}}"
							],
							"path": [
								"users",
								"update-profile"
							]
						}
					},
					"response": []
				},
				{
					"name": "2. Update User Business Profile",
					"request": {
						"auth": {
							"type": "bearer",
							"bearer": [
								{
									"key": "token",
									"value": "{{auth}}",
									"type": "string"
								}
							]
						},
						"method": "POST",
						"header": [],
						"body": {
							"mode": "raw",
							"raw": "{\n    \"brandDetails\": \"Self\",\n    \"jobLocation\": \"Hyderabad\",\n    \"company\": \"Prayag Pickles\",\n    \"occupation\": \"Business Owner\",\n    \"others\": \"This is self-funded and made out of passion\",\n    \"name\": \"Prayag Pickles\",\n    \"officialMobileNumber\": \"9944556655\"\n}",
							"options": {
								"raw": {
									"language": "json"
								}
							}
						},
						"url": {
							"raw": "{{baseUrl}}/users/update-professional-profile",
							"host": [
								"{{baseUrl}}"
							],
							"path": [
								"users",
								"update-professional-profile"
							]
						}
					},
					"response": []
				}
			]
		},
		{
			"name": "Categories",
			"item": [
				{
					"name": "Filter Categories",
					"request": {
						"auth": {
							"type": "bearer",
							"bearer": [
								{
									"key": "token",
									"value": "eyJhbGciOiJIUzUxMiJ9.eyJzdWIiOiJVSENIWUQwNTIxMTAiLCJpYXQiOjE2NzQ1NzkzMDgsImV4cCI6MTY3NDY2NTcwOH0.sG5jLYTcdqfv2oU5G9PwHanI3qgBg__FsliN2srPCAt9p_28-X6EdRtNokBHNv0Ft6_mAOF7LHXA2SK4-EdTkw",
									"type": "string"
								}
							]
						},
						"method": "POST",
						"header": [],
						"body": {
							"mode": "raw",
							"raw": "{}",
							"options": {
								"raw": {
									"language": "json"
								}
							}
						},
						"url": {
							"raw": "{{baseUrl}}/posts/categories/filter",
							"host": [
								"{{baseUrl}}"
							],
							"path": [
								"posts",
								"categories",
								"filter"
							]
						}
					},
					"response": []
				},
				{
					"name": "Create Category",
					"request": {
						"auth": {
							"type": "bearer",
							"bearer": [
								{
									"key": "token",
									"value": "{{auth}}",
									"type": "string"
								}
							]
						},
						"method": "POST",
						"header": [],
						"body": {
							"mode": "raw",
							"raw": "{\n    \"name\": \"Others\"\n}",
							"options": {
								"raw": {
									"language": "json"
								}
							}
						},
						"url": {
							"raw": "{{baseUrl}}/posts/category/create",
							"host": [
								"{{baseUrl}}"
							],
							"path": [
								"posts",
								"category",
								"create"
							]
						}
					},
					"response": []
				},
				{
					"name": "Filter Sub Categories",
					"request": {
						"auth": {
							"type": "bearer",
							"bearer": [
								{
									"key": "token",
									"value": "eyJhbGciOiJIUzUxMiJ9.eyJzdWIiOiJVSENIWUQwNTIxMTAiLCJpYXQiOjE2NzQ1NzkzMDgsImV4cCI6MTY3NDY2NTcwOH0.sG5jLYTcdqfv2oU5G9PwHanI3qgBg__FsliN2srPCAt9p_28-X6EdRtNokBHNv0Ft6_mAOF7LHXA2SK4-EdTkw",
									"type": "string"
								}
							]
						},
						"method": "POST",
						"header": [],
						"body": {
							"mode": "raw",
							"raw": "{\n    \"categoryId\": 6\n}",
							"options": {
								"raw": {
									"language": "json"
								}
							}
						},
						"url": {
							"raw": "{{baseUrl}}/posts/sub-categories/filter",
							"host": [
								"{{baseUrl}}"
							],
							"path": [
								"posts",
								"sub-categories",
								"filter"
							]
						}
					},
					"response": []
				},
				{
					"name": "Create Sub Category",
					"request": {
						"auth": {
							"type": "bearer",
							"bearer": [
								{
									"key": "token",
									"value": "{{auth}}",
									"type": "string"
								}
							]
						},
						"method": "POST",
						"header": [],
						"body": {
							"mode": "raw",
							"raw": "{\n        \"categoryId\": 4,\n        \"displayName\": \"Others\",\n        \"name\": \"Business-Others\"\n}",
							"options": {
								"raw": {
									"language": "json"
								}
							}
						},
						"url": {
							"raw": "{{baseUrl}}/posts/sub-category/create",
							"host": [
								"{{baseUrl}}"
							],
							"path": [
								"posts",
								"sub-category",
								"create"
							]
						}
					},
					"response": []
				}
			]
		},
		{
			"name": "Posts",
			"item": [
				{
					"name": "1. Filter posts",
					"request": {
						"auth": {
							"type": "bearer",
							"bearer": [
								{
									"key": "token",
									"value": "eyJhbGciOiJIUzUxMiJ9.eyJzdWIiOiJVSENIWUQwNTIxMTAiLCJpYXQiOjE2NzQ1NzkzMDgsImV4cCI6MTY3NDY2NTcwOH0.sG5jLYTcdqfv2oU5G9PwHanI3qgBg__FsliN2srPCAt9p_28-X6EdRtNokBHNv0Ft6_mAOF7LHXA2SK4-EdTkw",
									"type": "string"
								}
							]
						},
						"method": "POST",
						"header": [],
						"body": {
							"mode": "raw",
							"raw": "{\n    \"authorID\": 1\n}\n",
							"options": {
								"raw": {
									"language": "json"
								}
							}
						},
						"url": {
							"raw": "{{baseUrl}}/posts/filter",
							"host": [
								"{{baseUrl}}"
							],
							"path": [
								"posts",
								"filter"
							]
						}
					},
					"response": []
				},
				{
					"name": "2. Get User Profile",
					"request": {
						"auth": {
							"type": "bearer",
							"bearer": [
								{
									"key": "token",
									"value": "{{auth}}",
									"type": "string"
								}
							]
						},
						"method": "GET",
						"header": [],
						"url": {
							"raw": "{{baseUrl}}/users/1",
							"host": [
								"{{baseUrl}}"
							],
							"path": [
								"users",
								"1"
							]
						}
					},
					"response": []
				},
				{
					"name": "3. Create Post",
					"request": {
						"auth": {
							"type": "bearer",
							"bearer": [
								{
									"key": "token",
									"value": "{{auth}}",
									"type": "string"
								}
							]
						},
						"method": "POST",
						"header": [],
						"body": {
							"mode": "raw",
							"raw": "{\n    \"title\": \"\",\n    \"images\": [\n        \"https://picsum.photos/1000/700\",\n        \"https://picsum.photos/1000/800\",\n        \"https://post-uploads.s3.ap-northeast-1.amazonaws.com/images/1590578371_best-wishes-gifts.jpg\"\n    ],\n    \"isNewProduct\": true,\n    \"resourceType\":\"POST\",\n    \"productId\": 1,\n    \"newProduct\": {\n        \"name\": \"Cadbury Silk Mousse\",\n        \"brandName\": \"Cadbury\",\n        \"description\": \"Came across this product from Cadbury. The brand new flavour is Litchee. God, I love the taste. Here is where you can find it!\",\n        \"quantity\": \"2\",\n        \"price\": \"168\",\n        \"categoryId\": 1,\n        \"subCategory\": 1,\n        \"location\": 1,\n        \"weight\": \"300\",\n        \"rating\": 4\n    },\n    \"shopID\": 1,\n    \"isNewUserMeasurements\": true,\n    \"userMeasurementId\": 1,\n    \"userMeasurements\": {\n        \"age\": 20,\n        \"gender\": \"male\",\n        \"size\": \"LG\",\n        \"username\": \"Amruth Kuntamalla\"\n    }\n}",
							"options": {
								"raw": {
									"language": "json"
								}
							}
						},
						"url": {
							"raw": "{{baseUrl}}/posts/create",
							"host": [
								"{{baseUrl}}"
							],
							"path": [
								"posts",
								"create"
							]
						}
					},
					"response": []
				},
				{
					"name": "3. Delete Post",
					"request": {
						"auth": {
							"type": "bearer",
							"bearer": [
								{
									"key": "token",
									"value": "{{auth}}",
									"type": "string"
								}
							]
						},
						"method": "POST",
						"header": [],
						"body": {
							"mode": "raw",
							"raw": "{\n    \"post_id\": 5\n\n}",
							"options": {
								"raw": {
									"language": "json"
								}
							}
						},
						"url": {
							"raw": "{{baseUrl}}/posts/delete",
							"host": [
								"{{baseUrl}}"
							],
							"path": [
								"posts",
								"delete"
							]
						}
					},
					"response": []
				}
			]
		},
		{
			"name": "Locations",
			"item": [
				{
					"name": "Create Location",
					"request": {
						"auth": {
							"type": "bearer",
							"bearer": [
								{
									"key": "token",
									"value": "{{auth}}",
									"type": "string"
								}
							]
						},
						"method": "POST",
						"header": [],
						"body": {
							"mode": "raw",
							"raw": "{\n    \"latitude\": 17.362034627520035,\n    \"longitude\": 78.47176770750282,\n    \"name\": \"Charminar, Hyderabad, Telangana\",\n    \"state\": \"Telangana\",\n    \"country\": \"India\"\n}",
							"options": {
								"raw": {
									"language": "json"
								}
							}
						},
						"url": {
							"raw": "{{baseUrl}}/locations/create",
							"host": [
								"{{baseUrl}}"
							],
							"path": [
								"locations",
								"create"
							]
						}
					},
					"response": []
				},
				{
					"name": "Get locations",
					"protocolProfileBehavior": {
						"disableBodyPruning": true
					},
					"request": {
						"auth": {
							"type": "bearer",
							"bearer": [
								{
									"key": "token",
									"value": "{{auth}}",
									"type": "string"
								}
							]
						},
						"method": "GET",
						"header": [],
						"body": {
							"mode": "raw",
							"raw": "{\n    \"latitude\": 17.362034627520035,\n    \"longitude\": 78.47176770750282,\n    \"name\": \"Charminar, Hyderabad, Telangana\",\n    \"state\": \"Telangana\",\n    \"country\": \"India\"\n}",
							"options": {
								"raw": {
									"language": "json"
								}
							}
						},
						"url": {
							"raw": "{{baseUrl}}/locations/",
							"host": [
								"{{baseUrl}}"
							],
							"path": [
								"locations",
								""
							]
						}
					},
					"response": []
				}
			]
		},
		{
			"name": "Shops",
			"item": [
				{
					"name": "1. Filter Shops",
					"request": {
						"auth": {
							"type": "bearer",
							"bearer": [
								{
									"key": "token",
									"value": "eyJhbGciOiJIUzUxMiJ9.eyJzdWIiOiJVSENIWUQwNTIxMTAiLCJpYXQiOjE2NzQ1NzkzMDgsImV4cCI6MTY3NDY2NTcwOH0.sG5jLYTcdqfv2oU5G9PwHanI3qgBg__FsliN2srPCAt9p_28-X6EdRtNokBHNv0Ft6_mAOF7LHXA2SK4-EdTkw",
									"type": "string"
								}
							]
						},
						"method": "POST",
						"header": [],
						"body": {
							"mode": "raw",
							"raw": "{\n    \"name\": {\n        \"contains\":\"\",\n        \"mode\": \"insensitive\"\n    }\n}",
							"options": {
								"raw": {
									"language": "json"
								}
							}
						},
						"url": {
							"raw": "{{baseUrl}}/shops",
							"host": [
								"{{baseUrl}}"
							],
							"path": [
								"shops"
							]
						}
					},
					"response": []
				},
				{
					"name": "2. Get Shop by ID",
					"request": {
						"auth": {
							"type": "bearer",
							"bearer": [
								{
									"key": "token",
									"value": "{{auth}}",
									"type": "string"
								}
							]
						},
						"method": "GET",
						"header": [],
						"url": {
							"raw": "{{baseUrl}}/shops/1",
							"host": [
								"{{baseUrl}}"
							],
							"path": [
								"shops",
								"1"
							]
						}
					},
					"response": []
				},
				{
					"name": "3. Create a Shop",
					"request": {
						"auth": {
							"type": "bearer",
							"bearer": [
								{
									"key": "token",
									"value": "{{auth}}",
									"type": "string"
								}
							]
						},
						"method": "POST",
						"header": [],
						"body": {
							"mode": "raw",
							"raw": "{\n    \"name\": \"New Shop Tst 2\",\n    \"address\": \"Some new address\",\n    \"contact\": \"9999999999\",\n    \"email\": \"shop@gmail.com\",\n    \"bio\": \"This is a short bio about me!\",\n    \"website\": \"https://google.com\",\n    \"dateOfBirth\": null,\n    \"categoryId\": 1,\n    \"location\": {\n        \"latitude\": 11.015233261420363,\n        \"longitude\": 77.14312631151853,\n        \"name\": \"New location\"\n    },\n    \"subCategoryID\": 1\n}",
							"options": {
								"raw": {
									"language": "json"
								}
							}
						},
						"url": {
							"raw": "{{baseUrl}}/shops/create",
							"host": [
								"{{baseUrl}}"
							],
							"path": [
								"shops",
								"create"
							]
						}
					},
					"response": []
				},
				{
					"name": "4. Update Shop",
					"request": {
						"auth": {
							"type": "bearer",
							"bearer": [
								{
									"key": "token",
									"value": "{{auth}}",
									"type": "string"
								}
							]
						},
						"method": "POST",
						"header": [],
						"body": {
							"mode": "raw",
							"raw": "{\n    \"id\": 1,\n    \"name\": \"New Shop Tst 2222\",\n    \"address\": \"Some new address\",\n    \"contact\": \"9999999999\",\n    \"email\": \"shop@gmail.com\",\n    \"bio\": \"This is a short bio about me!\",\n    \"website\": \"https://google.com/asdasd\"}",
							"options": {
								"raw": {
									"language": "json"
								}
							}
						},
						"url": {
							"raw": "{{baseUrl}}/shops/update",
							"host": [
								"{{baseUrl}}"
							],
							"path": [
								"shops",
								"update"
							]
						}
					},
					"response": []
				}
			]
		},
		{
			"name": "Follows",
			"item": [
				{
					"name": "Follow Stats",
					"request": {
						"auth": {
							"type": "bearer",
							"bearer": [
								{
									"key": "token",
									"value": "{{auth}}",
									"type": "string"
								}
							]
						},
						"method": "GET",
						"header": [],
						"url": {
							"raw": "{{baseUrl}}/follow/stats",
							"host": [
								"{{baseUrl}}"
							],
							"path": [
								"follow",
								"stats"
							]
						}
					},
					"response": []
				},
				{
					"name": "Follow User",
					"request": {
						"auth": {
							"type": "bearer",
							"bearer": [
								{
									"key": "token",
									"value": "{{auth}}",
									"type": "string"
								}
							]
						},
						"method": "POST",
						"header": [],
						"body": {
							"mode": "raw",
							"raw": "{\n    \"followingId\": 11\n}",
							"options": {
								"raw": {
									"language": "json"
								}
							}
						},
						"url": {
							"raw": "{{baseUrl}}/follow/follow-user",
							"host": [
								"{{baseUrl}}"
							],
							"path": [
								"follow",
								"follow-user"
							]
						}
					},
					"response": []
				},
				{
					"name": "Unfollow User",
					"request": {
						"auth": {
							"type": "bearer",
							"bearer": [
								{
									"key": "token",
									"value": "{{auth}}",
									"type": "string"
								}
							]
						},
						"method": "POST",
						"header": [],
						"body": {
							"mode": "raw",
							"raw": "{\n    \"unFollowId\": 11\n}\n",
							"options": {
								"raw": {
									"language": "json"
								}
							}
						},
						"url": {
							"raw": "{{baseUrl}}/follow/unfollow-user",
							"host": [
								"{{baseUrl}}"
							],
							"path": [
								"follow",
								"unfollow-user"
							]
						}
					},
					"response": []
				}
			]
		},
		{
			"name": "Storefront",
			"item": [
				{
					"name": "1. Dashboard",
					"request": {
						"method": "GET",
						"header": [],
						"url": {
							"raw": "{{baseUrl}}/storefront?page=1&device=web",
							"host": [
								"{{baseUrl}}"
							],
							"path": [
								"storefront"
							],
							"query": [
								{
									"key": "page",
									"value": "1"
								},
								{
									"key": "device",
									"value": "web"
								}
							]
						}
					},
					"response": []
				},
				{
					"name": "1. Search Store",
					"request": {
						"method": "GET",
						"header": [],
						"url": {
							"raw": "{{baseUrl}}/search?query=Baksun is my life&page=1",
							"host": [
								"{{baseUrl}}"
							],
							"path": [
								"search"
							],
							"query": [
								{
									"key": "query",
									"value": "Baksun is my life"
								},
								{
									"key": "page",
									"value": "1"
								}
							]
						}
					},
					"response": []
				}
			]
		},
		{
			"name": "Notifications",
			"item": [
				{
					"name": "Get User notifications",
					"request": {
						"auth": {
							"type": "bearer",
							"bearer": [
								{
									"key": "token",
									"value": "{{auth}}",
									"type": "string"
								}
							]
						},
						"method": "GET",
						"header": [],
						"url": {
							"raw": "{{baseUrl}}/notifications/get?page=1",
							"host": [
								"{{baseUrl}}"
							],
							"path": [
								"notifications",
								"get"
							],
							"query": [
								{
									"key": "page",
									"value": "1"
								}
							]
						}
					},
					"response": []
				}
			]
		},
		{
			"name": "App Config",
			"request": {
				"method": "GET",
				"header": [],
				"url": {
					"raw": "{{baseUrl}}/config?device=mobile",
					"host": [
						"{{baseUrl}}"
					],
					"path": [
						"config"
					],
					"query": [
						{
							"key": "device",
							"value": "mobile"
						}
					]
				}
			},
			"response": []
		}
	]
}